x,y,ball_type,score
370.66666666666663,328.07122059999995,white,110.0
376.0,282.73788726666663,white,30.0
482.0,260.07122059999995,white,10.0
369.3333333333333,328.0,white,110.0
376.0,282.87890405466663,white,30.0
480.66666666666663,260.0,white,10.0
368.67999999999995,328.0712206,white,110.0
376.0,283.0883211069066,white,30.0
480.0133333333333,260.0712206,white,10.0
368.0397333333333,328.212237388,white,110.0
376.0,283.36477041810184,white,30.0
483.9866666666667,258.66666666666663,white,10.0
364.0,377.4045539333333,red,100.0
367.4122719999999,328.42165444024,white,110.0
376.0,283.7069113430731,white,30.0
485.93359999999996,258.08455393333327,white,10.0
364.0,377.54557072133326,red,100.0
366.79735989333324,328.6981037514352,white,110.0
376.0,284.113430049545,white,30.0
487.84159466666665,257.58530405466655,white,10.0
364.0,377.75498777357325,red,100.0
366.19474602879995,329.04024467640653,white,110.0
376.0,284.5830389818874,white,30.0
489.71142943999996,257.16725977357316,white,10.0
364.0,378.0314370847684,red,100.0
365.60418444155727,329.44676338287843,white,110.0
376.0,285.114476335583,white,30.0
491.54386751786666,256.8287969781017,white,0.0
364.0,378.37357800973973,red,100.0
365.0254340860595,329.9163723152209,white,110.0
376.0,285.7065055422047,white,30.0
493.33965683417597,256.5683240385397,white,0.0
364.0,378.7800967162116,red,100.0
364.4582587376716,330.4478096689165,white,110.0
376.0,286.35791476469393,white,30.0
495.09953036415914,256.38428115776884,white,0.0
365.3333333333333,375.95779055045506,red,100.0
363.9024268962515,331.0398388755382,white,110.0
376.0,287.0675164027334,white,30.0
496.82420642354265,256.27513973461345,white,0.0
365.9866666666667,374.6809792232344,red,100.0
363.3577116916598,331.6912480980274,white,110.0
377.3333333333333,278.3370375305999,white,30.0
498.51438896173846,256.23940173992116,white,0.0
366.62693333333334,373.5009247225581,red,100.0
362.82389079116,332.4008497360669,white,110.0
377.9866666666667,274.16522157725444,white,30.0
465.4856110382615,265.16515219341215,white,0.0
367.2543946666667,372.41569191189535,red,100.0
362.3007463086701,333.16747994134556,white,110.0
378.62693333333334,270.14806254297594,white,0.0
449.3015098557578,269.64488860962274,white,0.0
367.8693067733334,371.4233843574459,red,100.0
361.78806471583,333.98999814251863,white,110.0
379.2543946666667,266.282467289383,white,0.0
433.4410906969041,274.1062508975091,white,0.0
368.4719206378667,370.52214355408535,red,100.0
361.2856367548467,334.8672865796683,white,110.0
379.8693067733334,262.5654045408619,white,0.0
417.89787992122757,278.54960653963775,white,0.0
369.06248222510936,369.7101481667921,red,100.0
380.4719206378667,258.99390364731124,white,0.0
402.66553336106455,282.9753156689238,white,0.0
369.64123258060715,368.9856132872447,red,100.0
381.06248222510936,255.56505337163162,white,0.0
387.7378337321048,287.3837312156242,white,30.0
370.20840792899503,368.3467897052882,red,100.0
381.64123258060715,252.27600070146553,white,0.0
373.1086880957242,291.7751990513906,white,30.0
370.76423977041514,367.79196319497083,red,100.0
382.20840792899503,249.1239496847028,white,0.0
358.7721253720712,296.1500581304416,white,0.0
371.3089549750068,367.31945381485986,red,100.0
382.76423977041514,246.10616028827533,white,0.0
344.72229390289124,300.5086406279116,white,0.0
371.8427758755066,366.9276152223511,red,100.0
383.3089549750068,243.21994727977642,white,0.0
330.95345906309495,304.8512720754322,white,0.0
372.3659203579965,366.61483400169254,red,100.0
383.8427758755066,240.46267913144746,white,0.0
317.46000092009456,309.1782714940024,white,0.0
372.87860195083664,366.37952900544707,red,100.0
384.3659203579965,237.83177694608509,white,0
304.2364119399542,313.48995152420116,white,0
373.38102991181995,366.2201507091266,red,0
384.87860195083664,235.32471340442999,white,0
291.2772947394167,317.78661855379596,white,0
385.38102991181995,232.93901173360794,white,0
278.5773598828898,322.06857284279886,white,0
266.1314237234936,326.33610864602167,white,0
363.3333333333333,376.73788726666663,red,100.0
363.3333333333333,376.8789040546666,red,100.0
363.3333333333333,377.08832110690656,red,100.0
363.3333333333333,377.3647704181017,red,100.0
363.3333333333333,377.70691134307305,red,100.0
363.3333333333333,378.1134300495449,red,100.0
363.3333333333333,378.58303898188734,red,100.0
363.3333333333333,379.11447633558294,red,100.0
363.3333333333333,379.7065055422046,red,100.0
363.3333333333333,380.3579147646938,red,100.0
363.3333333333333,381.06751640273325,red,100.0
363.3333333333333,381.8341466080119,red,100.0
363.3333333333333,382.65666480918503,red,100.0
363.3333333333333,383.5339532463346,red,100.0
363.3333333333333,384.4649165147412,red,100.0
481.3333333333333,260.73788726666663,white,10.0
481.3333333333333,260.87890405466663,white,10.0
481.3333333333333,261.0883211069066,white,10.0
481.3333333333333,261.36477041810184,white,10.0
481.3333333333333,261.7069113430731,white,10.0
481.3333333333333,262.113430049545,white,10.0
481.3333333333333,262.5830389818874,white,10.0
481.3333333333333,263.114476335583,white,10.0
481.3333333333333,263.7065055422047,white,10.0
481.3333333333333,264.35791476469393,white,10.0
481.3333333333333,265.0675164027334,white,10.0
481.3333333333333,265.8341466080121,white,10.0
481.3333333333333,266.65666480918514,white,10.0
481.3333333333333,267.5339532463348,white,10.0
481.3333333333333,268.46491651474145,white,10.0
370.66666666666663,327.4045539333333,white,110.0
370.66666666666663,327.5455707213333,white,110.0
370.66666666666663,327.7549877735733,white,110.0
370.66666666666663,328.0314370847685,white,110.0
370.66666666666663,328.3735780097398,white,110.0
376.66666666666663,282.07122059999995,white,30.0
370.66666666666663,328.7800967162117,white,110.0
376.66666666666663,282.21223738799995,white,30.0
370.66666666666663,324.62445721712163,white,110.0
376.66666666666663,282.42165444024,white,30.0
370.66666666666663,322.6943125565675,white,110.0
376.66666666666663,282.69810375143516,white,30.0
370.66666666666663,320.87399138922444,white,110.0
376.66666666666663,283.0402446764065,white,30.0
370.66666666666663,319.1612972452283,white,110.0
376.66666666666663,283.4467633828783,white,30.0
370.66666666666663,317.554077584112,white,110.0
376.66666666666663,283.91637231522077,white,30.0
482.66666666666663,259.4045539333333,white,10.0
364.66666666666663,378.07122059999995,red,100.0
370.66666666666663,316.0502229162181,white,0.0
376.66666666666663,284.4478096689163,white,30.0
482.66666666666663,259.5455707213333,white,10.0
364.66666666666663,378.21223738799995,red,100.0
370.66666666666663,314.647665941682,white,0.0
376.66666666666663,285.039838875538,white,30.0
482.66666666666663,259.7549877735733,white,10.0
364.66666666666663,378.4216544402399,red,100.0
370.66666666666663,313.3443807066367,white,0.0
376.66666666666663,285.69124809802724,white,30.0
482.66666666666663,260.0314370847685,white,10.0
364.66666666666663,378.69810375143504,red,100.0
370.66666666666663,312.13838177629225,white,0.0
376.66666666666663,286.40084973606673,white,30.0
482.66666666666663,260.3735780097398,white,10.0
364.66666666666663,379.04024467640636,red,100.0
370.66666666666663,311.0277234245547,white,0.0
376.66666666666663,287.1674799413454,white,30.0
482.66666666666663,260.7800967162117,white,10.0
364.66666666666663,379.4467633828782,red,100.0
370.66666666666663,310.01049883985195,white,0.0
376.66666666666663,287.9899981425185,white,30.0
482.66666666666663,261.2497056485541,white,10.0
364.66666666666663,379.91637231522066,red,100.0
370.66666666666663,309.0848393468432,white,0.0
376.66666666666663,288.86728657966813,white,30.0
482.66666666666663,261.7811430022497,white,10.0
364.66666666666663,380.4478096689163,red,100.0
370.66666666666663,308.24891364369466,white,0.0
376.66666666666663,289.79824984807476,white,30.0
482.66666666666663,262.3731722088713,white,10.0
364.66666666666663,381.03983887553795,red,100.0
369.3333333333333,346.488973622972,white,0.0
482.66666666666663,263.0245814313606,white,10.0
364.66666666666663,381.69124809802713,red,100.0
368.67999999999995,365.3327217068179,white,50.0
482.66666666666663,263.73418306940005,white,10.0
364.66666666666663,382.40084973606656,red,100.0
368.0397333333333,383.8708154289869,white,50.0
482.66666666666663,264.50081327467876,white,10.0
364.66666666666663,383.1674799413452,red,100.0
367.4122719999999,402.1093678767125,white,0.0
482.66666666666663,265.32333147585183,white,10.0
364.66666666666663,383.98999814251835,red,100.0
366.79735989333324,420.05436987548353,white,0.0
482.66666666666663,252.08122245748146,white,0.0
364.66666666666663,384.86728657966796,red,100.0
366.19474602879995,437.71169243427926,white,0.0
482.66666666666663,245.69870773248,white,0.0
364.66666666666663,385.79824984807453,red,100.0
365.60418444155727,455.087089141899,white,0
482.66666666666663,239.51506390197852,white,0
365.0254340860595,472.1861985153663,white,0
482.66666666666663,233.5263135480871,white,0
364.4582587376716,473.3333333333333,white,0
482.66666666666663,227.72855880127352,white,0
363.9024268962515,461.86030735213865,white,0
482.66666666666663,222.11797974939623,white,0
363.3577116916598,450.6879624905679,white,0
482.66666666666663,216.69083287855645,white,0
362.82389079116,439.81028512622856,white,0
482.66666666666663,211.4434495451335,white,0
362.3007463086701,429.221381909176,white,0
482.66666666666663,206.37223447837897,white,0
361.78806471583,418.91547735646446,white,0
482.66666666666663,201.47366431295956,white,0
652.6666666666666,430.07122059999995,white,0
361.2856367548467,408.88691149480724,white,0
482.66666666666663,196.74428615084855,white,0
652.6666666666666,430.21223738799995,white,0
482.66666666666663,192.18071615197974,white,0
652.6666666666666,430.4216544402399,white,0
482.66666666666663,187.7796381530883,white,0
654.0,428.3162328264267,white,0
482.66666666666663,183.53780231417468,white,0
654.6533333333333,427.39069492965825,white,0
482.66666666666663,179.45202379203934,white,0
655.2936,426.5548883908252,white,0
655.9210613333333,425.80701858276876,white,0
656.53597344,425.14532677087345,white,0
657.1385873045333,424.5680893952161,white,0
657.729148891776,424.07361736707185,white,0
658.3078992472738,423.6602553794904,white,0
658.8750745956617,423.3263812316607,white,0.0
371.3333333333333,326.73788726666663,white,110.0
659.4309064370818,423.0704051667876,white,0.0
371.3333333333333,326.87890405466663,white,110.0
482.0,258.73788726666663,white,10.0
659.9756216416735,422.8907692232119,white,0.0
371.3333333333333,327.0883211069066,white,110.0
482.0,258.87890405466663,white,10.0
660.5094425421732,422.78594659850773,white,0.0
371.3333333333333,327.36477041810184,white,110.0
482.0,259.0883211069066,white,10.0
661.0325870246631,422.7544410262976,white,0.0
371.3333333333333,327.7069113430731,white,110.0
482.0,259.36477041810184,white,10.0
661.5452686175033,422.7947861655317,white,0.0
371.3333333333333,328.113430049545,white,110.0
482.0,259.7069113430731,white,10.0
662.0476965784866,422.9055450019812,white,0.0
371.3333333333333,328.5830389818874,white,110.0
482.0,260.113430049545,white,10.0
371.3333333333333,329.114476335583,white,110.0
482.0,260.5830389818874,white,10.0
371.3333333333333,329.7065055422047,white,110.0
482.0,261.114476335583,white,10.0
371.3333333333333,330.35791476469393,white,110.0
482.0,261.7065055422047,white,10.0
371.3333333333333,331.0675164027334,white,110.0
482.0,262.35791476469393,white,10.0
371.3333333333333,331.8341466080121,white,110.0
482.0,263.0675164027334,white,10.0
371.3333333333333,332.65666480918514,white,110.0
482.0,263.8341466080121,white,10.0
371.3333333333333,333.5339532463348,white,110.0
482.0,264.65666480918514,white,10.0
371.3333333333333,334.46491651474145,white,110.0
482.0,265.5339532463348,white,10.0
482.0,266.46491651474145,white,10.0
371.3333333333333,326.07122059999995,white,110.0
371.3333333333333,326.21223738799995,white,110.0
371.3333333333333,326.42165444024,white,110.0
371.3333333333333,326.69810375143516,white,110.0
371.3333333333333,327.0402446764065,white,110.0
371.3333333333333,327.4467633828783,white,110.0
371.3333333333333,327.91637231522077,white,110.0
371.3333333333333,328.4478096689163,white,110.0
371.3333333333333,329.039838875538,white,110.0
371.3333333333333,329.69124809802724,white,110.0
371.3333333333333,330.40084973606673,white,110.0
371.3333333333333,331.1674799413454,white,110.0
371.3333333333333,331.9899981425185,white,110.0
371.3333333333333,332.86728657966813,white,110.0
371.3333333333333,333.79824984807476,white,110.0
364.66666666666663,378.73788726666663,red,100.0
364.66666666666663,378.8789040546666,red,100.0
364.66666666666663,379.08832110690656,red,100.0
364.66666666666663,379.3647704181017,red,100.0
364.66666666666663,379.70691134307305,red,100.0
364.66666666666663,380.1134300495449,red,100.0
364.66666666666663,380.58303898188734,red,100.0
364.66666666666663,381.11447633558294,red,100.0
364.66666666666663,381.7065055422046,red,100.0
364.66666666666663,382.3579147646938,red,100.0
364.66666666666663,383.06751640273325,red,100.0
363.3333333333333,373.0037041972667,red,100.0
362.67999999999995,368.1785549105881,red,100.0
362.0397333333333,363.5211292096431,red,0
361.4122719999999,359.028072622717,red,0
360.79735989333324,354.6960977675294,red,0
360.19474602879995,350.52198300944553,red,0
359.60418444155727,346.50257114652334,red,0
359.0254340860595,342.6347681208596,red,0
358.4582587376716,338.9155417557091,red,0
357.9024268962515,335.3419205178617,red,0
357.3577116916598,331.9109923047712,red,0
356.82389079116,328.61990325594246,red,0
356.3007463086701,325.46585658809033,red,0
355.78806471583,322.4461114535953,red,0
355.2856367548467,319.5579818217901,red,0
335.3333333333333,470.07122059999995,white,0
335.3333333333333,470.21223738799995,white,0
335.3333333333333,470.4216544402399,white,0
335.3333333333333,470.69810375143504,white,0
335.3333333333333,471.04024467640636,white,0
336.66666666666663,469.0309759235936,white,0
337.32,468.1525529287153,white,0
337.96026666666666,467.3629189937345,white,0
338.58772799999997,466.66029833745347,white,0
339.20264010666665,466.04295069429793,white,0
339.8052539712,465.5091706040056,white,0
340.3958155584427,465.05728671551907,white,0
340.97456591394047,464.68566110480225,white,0
341.54174126232834,464.3926886062998,white,0
342.09757310374846,464.1767961577674,white,0
342.64228830834014,464.03644215820566,white,0
343.17610920884,463.9701158386352,white,0
343.6992536913299,463.9763366454561,white,0
344.21193528416995,464.0536536361406,white,0
344.71436324515327,464.2006448870114,white,0
336.66666666666663,470.07122059999995,white,0
336.66666666666663,470.21223738799995,white,0
336.66666666666663,470.4216544402399,white,0
336.66666666666663,470.69810375143504,white,0
336.66666666666663,471.04024467640636,white,0
336.66666666666663,471.4467633828782,white,0
370.0,328.07122059999995,white,110.0
376.0,282.73788726666663,white,30.0
482.0,260.07122059999995,white,10.0
370.0,328.21223738799995,white,110.0
377.3333333333333,282.66666666666663,white,30.0
482.0,260.21223738799995,white,10.0
370.0,328.42165444024,white,110.0
377.9866666666667,282.7378872666667,white,30.0
482.0,260.42165444024,white,10.0
370.0,328.69810375143516,white,110.0
378.62693333333334,282.8789040546667,white,30.0
482.0,260.69810375143516,white,10.0
370.0,329.0402446764065,white,110.0
379.2543946666667,283.0883211069067,white,30.0
482.0,261.0402446764065,white,10.0
370.0,329.4467633828783,white,110.0
379.8693067733334,283.3647704181019,white,30.0
480.66666666666663,260.36430925692684,white,10.0
370.0,329.91637231522077,white,110.0
380.4719206378667,283.7069113430732,white,30.0
480.0133333333333,260.1392195953818,white,10.0
370.0,330.4478096689163,white,110.0
381.06248222510936,284.11343004954506,white,30.0
479.3730666666666,259.9898523270677,white,10.0
370.0,331.039838875538,white,110.0
381.64123258060715,284.5830389818875,white,30.0
478.7456053333333,259.91469300411984,white,10.0
370.0,331.69124809802724,white,110.0
382.20840792899503,285.11447633558316,white,30.0
485.2543946666667,261.4898609292134,white,10.0
370.0,332.40084973606673,white,110.0
382.76423977041514,285.7065055422048,white,30.0
488.4437014400001,262.36781190650925,white,10.0
370.0,333.1674799413454,white,110.0
383.3089549750068,286.3579147646941,white,30.0
491.5692220778668,263.29942446425923,white,0.0
370.0,333.9899981425185,white,110.0
383.8427758755066,287.06751640273353,white,30.0
494.63223230297626,264.28362537085417,white,0.0
370.0,334.86728657966813,white,110.0
384.3659203579965,287.83414660801225,white,30.0
497.6339823235834,265.3193628593172,white,0.0
370.0,335.79824984807476,white,110.0
384.87860195083664,288.6566648091853,white,30.0
500.5756973437784,266.405606198011,white,0.0
385.38102991181995,289.53395324633493,white,30.0
503.4585780635696,267.5413452699309,white,0.0
460.5414219364304,251.19654199673573,white,0
502.1252447302362,268.8746786032642,white,0
522.501317899201,277.64308423446323,white,0
542.4698696047866,286.3073423530382,white,0
562.0390502762605,294.86953590924173,white,0
581.2168473343048,303.33170619432116,white,0
600.0110884511882,311.695853673699,white,0
618.4294447457341,319.96393880348927,white,0
636.479433914389,328.13788283068374,white,0
654.1684232996708,336.2195685773343,white,0
671.5036328972469,344.21084120905186,white,0.0
370.66666666666663,328.07122059999995,white,110.0
688.4921383028716,352.1135089881351,white,0.0
370.66666666666663,328.21223738799995,white,110.0
705.1408736003838,359.9293440116367,white,0.0
370.66666666666663,328.42165444024,white,110.0
721.4566341919456,367.66008293466825,white,0.0
370.66666666666663,328.69810375143516,white,110.0
737.4460795716764,375.30742767923914,white,0.0
370.66666666666663,329.0402446764065,white,110.0
753.1157360438124,382.87304612891865,white,0.0
370.66666666666663,329.4467633828783,white,110.0
370.66666666666663,329.91637231522077,white,110.0
370.66666666666663,330.4478096689163,white,110.0
370.66666666666663,331.039838875538,white,110.0
370.66666666666663,331.69124809802724,white,110.0
370.66666666666663,332.40084973606673,white,110.0
370.66666666666663,333.1674799413454,white,110.0
370.66666666666663,333.9899981425185,white,110.0
370.66666666666663,334.86728657966813,white,110.0
370.66666666666663,335.79824984807476,white,110.0
366.0,377.4045539333333,red,100.0
366.0,377.54557072133326,red,100.0
366.0,377.75498777357325,red,100.0
366.0,378.0314370847684,red,100.0
366.0,378.37357800973973,red,100.0
366.0,378.7800967162116,red,100.0
366.0,379.249705648554,red,100.0
366.0,379.7811430022496,red,100.0
366.0,380.37317220887127,red,100.0
366.0,381.0245814313605,red,100.0
366.0,381.73418306939993,red,100.0
366.0,382.50081327467853,red,100.0
366.0,383.32333147585166,red,100.0
366.0,384.2006199130013,red,100.0
366.0,385.1315831814079,red,100.0
370.0,327.4045539333333,white,110.0
370.0,327.5455707213333,white,110.0
370.0,327.7549877735733,white,110.0
370.0,328.0314370847685,white,110.0
370.0,328.3735780097398,white,110.0
370.0,328.7800967162117,white,110.0
370.0,329.2497056485541,white,110.0
370.0,329.7811430022497,white,110.0
370.0,330.3731722088713,white,110.0
370.0,331.0245814313606,white,110.0
370.0,331.73418306940005,white,110.0
370.0,332.50081327467876,white,110.0
370.0,333.32333147585183,white,110.0
370.0,334.20061991300145,white,110.0
370.0,335.13158318140813,white,110.0
364.66666666666663,377.4045539333333,red,100.0
364.66666666666663,377.54557072133326,red,100.0
364.66666666666663,377.75498777357325,red,100.0
364.66666666666663,378.0314370847684,red,100.0
364.66666666666663,378.37357800973973,red,100.0
364.66666666666663,378.7800967162116,red,100.0
364.66666666666663,379.249705648554,red,100.0
364.66666666666663,379.7811430022496,red,100.0
364.66666666666663,380.37317220887127,red,100.0
364.66666666666663,381.0245814313605,red,100.0
364.66666666666663,381.73418306939993,red,100.0
364.66666666666663,382.50081327467853,red,100.0
364.66666666666663,370.9037406586547,red,100.0
364.66666666666663,365.32729377080307,red,100.0
364.66666666666663,359.93359642070845,red,0
364.66666666666663,354.71899361761575,red,0
364.66666666666663,349.67990347058486,red,0
364.66666666666663,344.8128157264946,red,0
364.66666666666663,340.1142903372861,red,220.0
364.66666666666663,335.5809560558618,red,220.0
364.66666666666663,331.209509060066,red,220.0
364.66666666666663,326.9967116041861,red,220.0
364.66666666666663,322.93939069742385,red,220.0
364.66666666666663,319.0344368087968,red,220.0
364.66666666666663,315.2788025979423,red,0
364.66666666666663,311.66950167130483,red,0
364.66666666666663,308.20360736320015,red,0
376.0,283.4045539333333,white,30.0
376.0,283.5455707213333,white,30.0
376.0,283.7549877735733,white,30.0
376.0,284.0314370847685,white,30.0
376.0,284.3735780097398,white,30.0
376.0,284.7800967162117,white,30.0
376.0,285.2497056485541,white,30.0
376.0,285.7811430022497,white,30.0
376.0,286.3731722088713,white,30.0
376.0,287.0245814313606,white,30.0
376.0,287.73418306940005,white,30.0
376.0,288.50081327467876,white,30.0
376.0,289.32333147585183,white,30.0
376.0,290.20061991300145,white,30.0
376.0,291.13158318140813,white,30.0
376.66666666666663,283.4045539333333,white,30.0
376.66666666666663,283.5455707213333,white,30.0
376.66666666666663,283.7549877735733,white,30.0
376.66666666666663,284.0314370847685,white,30.0
376.66666666666663,284.3735780097398,white,30.0
376.66666666666663,284.7800967162117,white,30.0
376.66666666666663,285.2497056485541,white,30.0
376.66666666666663,285.7811430022497,white,30.0
376.66666666666663,286.3731722088713,white,30.0
376.66666666666663,287.0245814313606,white,30.0
376.66666666666663,287.73418306940005,white,30.0
376.66666666666663,288.50081327467876,white,30.0
376.66666666666663,289.32333147585183,white,30.0
376.66666666666663,290.20061991300145,white,30.0
376.66666666666663,291.13158318140813,white,30.0
364.0,378.73788726666663,red,100.0
364.0,378.8789040546666,red,100.0
365.3333333333333,377.19231654533337,red,100.0
365.9866666666667,376.4720073597601,red,100.0
366.62693333333334,375.8373249578983,red,100.0
367.2543946666667,375.2865568040737,red,100.0
367.8693067733334,374.81802461332563,red,100.0
368.4719206378667,374.4300836663925,red,100.0
369.06248222510936,374.12112213839805,red,100.0
369.64123258060715,373.88956044096346,red,100.0
370.20840792899503,373.7338505774776,red,100.0
370.76423977041514,373.6524755112614,red,100.0
371.3089549750068,373.64394854636953,red,100.0
371.8427758755066,373.7068127207755,red,100.0
372.3659203579965,373.83964021169334,red,100.0
372.87860195083664,374.0410317527929,red,100.0
373.38102991181995,374.3096160630704,red,100.0
364.66666666666663,378.73788726666663,red,100.0
364.66666666666663,378.8789040546666,red,100.0
364.66666666666663,379.08832110690656,red,100.0
364.66666666666663,379.3647704181017,red,100.0
364.66666666666663,379.70691134307305,red,100.0
364.66666666666663,380.1134300495449,red,100.0
364.66666666666663,380.58303898188734,red,100.0
364.66666666666663,381.11447633558294,red,100.0
364.66666666666663,381.7065055422046,red,100.0
364.66666666666663,382.3579147646938,red,100.0
364.66666666666663,383.06751640273325,red,100.0
364.66666666666663,383.8341466080119,red,100.0
364.66666666666663,384.65666480918503,red,100.0
364.66666666666663,385.5339532463346,red,100.0
364.66666666666663,386.4649165147412,red,100.0
364.0,378.07122059999995,red,100.0
364.0,378.21223738799995,red,100.0
364.0,378.4216544402399,red,100.0
364.0,378.69810375143504,red,100.0
364.0,379.04024467640636,red,100.0
364.0,379.4467633828782,red,100.0
364.0,379.91637231522066,red,100.0
364.0,380.4478096689163,red,100.0
364.0,381.03983887553795,red,100.0
364.0,381.69124809802713,red,100.0
364.0,382.40084973606656,red,100.0
364.0,383.1674799413452,red,100.0
364.0,383.98999814251835,red,100.0
364.0,384.86728657966796,red,100.0
364.0,385.79824984807453,red,100.0
365.3333333333333,378.73788726666663,red,100.0
365.3333333333333,378.8789040546666,red,100.0
365.3333333333333,379.08832110690656,red,100.0
365.3333333333333,379.3647704181017,red,100.0
365.3333333333333,379.70691134307305,red,100.0
365.3333333333333,380.1134300495449,red,100.0
365.3333333333333,380.58303898188734,red,100.0
365.3333333333333,381.11447633558294,red,100.0
365.3333333333333,381.7065055422046,red,100.0
365.3333333333333,382.3579147646938,red,100.0
365.3333333333333,383.06751640273325,red,100.0
365.3333333333333,383.8341466080119,red,100.0
365.3333333333333,384.65666480918503,red,100.0
365.3333333333333,385.5339532463346,red,100.0
365.3333333333333,386.4649165147412,red,100.0
366.0,378.07122059999995,red,100.0
366.0,378.21223738799995,red,100.0
366.0,378.4216544402399,red,100.0
366.0,378.69810375143504,red,100.0
366.0,379.04024467640636,red,100.0
366.0,379.4467633828782,red,100.0
362.0,375.2911238837884,red,100.0
360.03999999999996,373.3609792232344,red,100.0
358.1191999999999,371.5406580558914,red,100.0
356.2368159999999,369.8279639118953,red,100.0
354.39207967999994,368.22074425077915,red,0
352.5842380863999,366.7168895828853,red,0
350.8125533246719,365.3143326083494,red,0
349.0763022581785,364.01104737330417,red,0
347.3747762130149,362.80504844295984,red,0
345.70728068875457,361.69439009122243,red,0
344.0731350749795,360.6771655065197,red,0
342.4716723734799,359.75150601351106,red,0
340.90223892601034,358.91558031036254,red,0
339.36419414749014,358.16759372127706,red,0
337.8569102645403,357.5057874639733,red,0
364.66666666666663,379.4045539333333,red,100.0
364.66666666666663,379.54557072133326,red,100.0
364.66666666666663,379.75498777357325,red,100.0
364.66666666666663,380.0314370847684,red,100.0
364.66666666666663,380.37357800973973,red,100.0
364.66666666666663,380.7800967162116,red,100.0
364.66666666666663,381.249705648554,red,100.0
364.66666666666663,381.7811430022496,red,100.0
364.66666666666663,382.37317220887127,red,100.0
364.66666666666663,383.0245814313605,red,100.0
364.66666666666663,383.73418306939993,red,100.0
364.66666666666663,384.50081327467853,red,100.0
364.66666666666663,385.32333147585166,red,100.0
364.66666666666663,386.2006199130013,red,100.0
364.66666666666663,387.1315831814079,red,0
364.0,376.73788726666663,red,100.0
364.0,376.8789040546666,red,100.0
364.0,377.08832110690656,red,100.0
364.0,377.3647704181017,red,100.0
364.0,377.70691134307305,red,100.0
364.0,378.1134300495449,red,100.0
364.0,378.58303898188734,red,100.0
364.0,379.11447633558294,red,100.0
364.0,379.7065055422046,red,100.0
364.0,380.3579147646938,red,100.0
364.0,381.06751640273325,red,100.0
364.0,381.8341466080119,red,100.0
364.0,382.65666480918503,red,100.0
364.0,383.5339532463346,red,100.0
364.0,384.4649165147412,red,100.0
365.3333333333333,378.07122059999995,red,100.0
365.3333333333333,378.21223738799995,red,100.0
365.3333333333333,378.4216544402399,red,100.0
365.3333333333333,378.69810375143504,red,100.0
365.3333333333333,379.04024467640636,red,100.0
365.3333333333333,379.4467633828782,red,100.0
365.3333333333333,379.91637231522066,red,100.0
365.3333333333333,380.4478096689163,red,100.0
365.3333333333333,381.03983887553795,red,100.0
365.3333333333333,381.69124809802713,red,100.0
365.3333333333333,382.40084973606656,red,100.0
365.3333333333333,383.1674799413452,red,100.0
365.3333333333333,383.98999814251835,red,100.0
365.3333333333333,384.86728657966796,red,100.0
365.3333333333333,385.79824984807453,red,100.0
370.0,328.73788726666663,white,110.0
370.0,328.87890405466663,white,110.0
370.0,329.0883211069066,white,110.0
370.0,329.36477041810184,white,110.0
370.0,329.7069113430731,white,110.0
370.0,330.113430049545,white,110.0
370.0,330.5830389818874,white,110.0
370.0,331.114476335583,white,110.0
370.0,331.7065055422047,white,110.0
370.0,332.35791476469393,white,110.0
370.0,333.0675164027334,white,110.0
370.0,333.8341466080121,white,110.0
370.0,334.65666480918514,white,110.0
370.0,335.5339532463348,white,110.0
370.0,336.46491651474145,white,110.0
370.66666666666663,327.4045539333333,white,110.0
370.66666666666663,327.5455707213333,white,110.0
370.66666666666663,327.7549877735733,white,110.0
370.66666666666663,328.0314370847685,white,110.0
370.66666666666663,328.3735780097398,white,110.0
370.66666666666663,328.7800967162117,white,110.0
370.66666666666663,329.2497056485541,white,110.0
370.66666666666663,329.7811430022497,white,110.0
370.66666666666663,330.3731722088713,white,110.0
370.66666666666663,331.0245814313606,white,110.0
370.66666666666663,331.73418306940005,white,110.0
370.66666666666663,332.50081327467876,white,110.0
370.66666666666663,333.32333147585183,white,110.0
370.66666666666663,334.20061991300145,white,110.0
370.66666666666663,335.13158318140813,white,110.0
366.66666666666663,376.73788726666663,red,100.0
366.66666666666663,376.8789040546666,red,100.0
366.66666666666663,377.08832110690656,red,100.0
366.66666666666663,377.3647704181017,red,100.0
366.66666666666663,377.70691134307305,red,100.0
366.66666666666663,378.1134300495449,red,100.0
366.66666666666663,378.58303898188734,red,100.0
366.66666666666663,379.11447633558294,red,100.0
366.66666666666663,379.7065055422046,red,100.0
366.66666666666663,380.3579147646938,red,100.0
366.66666666666663,381.06751640273325,red,100.0
366.66666666666663,381.8341466080119,red,100.0
366.66666666666663,382.65666480918503,red,100.0
366.66666666666663,383.5339532463346,red,100.0
366.66666666666663,384.4649165147412,red,100.0
366.0,376.73788726666663,red,100.0
366.0,376.8789040546666,red,100.0
366.0,377.08832110690656,red,100.0
366.0,377.3647704181017,red,100.0
366.0,377.70691134307305,red,100.0
366.0,378.1134300495449,red,100.0
366.0,378.58303898188734,red,100.0
366.0,379.11447633558294,red,100.0
366.0,379.7065055422046,red,100.0
366.0,380.3579147646938,red,100.0
366.0,381.06751640273325,red,100.0
366.0,381.8341466080119,red,100.0
366.0,382.65666480918503,red,100.0
366.0,383.5339532463346,red,100.0
366.0,384.4649165147412,red,100.0
365.3333333333333,377.4045539333333,red,100.0
365.3333333333333,377.54557072133326,red,100.0
365.3333333333333,377.75498777357325,red,100.0
365.3333333333333,378.0314370847684,red,100.0
365.3333333333333,378.37357800973973,red,100.0
365.3333333333333,378.7800967162116,red,100.0
365.3333333333333,379.249705648554,red,100.0
365.3333333333333,379.7811430022496,red,100.0
365.3333333333333,380.37317220887127,red,100.0
365.3333333333333,381.0245814313605,red,100.0
365.3333333333333,381.73418306939993,red,100.0
365.3333333333333,382.50081327467853,red,100.0
365.3333333333333,383.32333147585166,red,100.0
365.3333333333333,384.2006199130013,red,100.0
365.3333333333333,385.1315831814079,red,100.0
481.3333333333333,259.4045539333333,white,10.0
481.3333333333333,259.5455707213333,white,10.0
481.3333333333333,259.7549877735733,white,10.0
481.3333333333333,260.0314370847685,white,10.0
481.3333333333333,260.3735780097398,white,10.0
481.3333333333333,260.7800967162117,white,10.0
481.3333333333333,261.2497056485541,white,10.0
481.3333333333333,261.7811430022497,white,10.0
481.3333333333333,262.3731722088713,white,10.0
481.3333333333333,263.0245814313606,white,10.0
481.3333333333333,263.73418306940005,white,10.0
481.3333333333333,264.50081327467876,white,10.0
481.3333333333333,265.32333147585183,white,10.0
481.3333333333333,266.20061991300145,white,10.0
481.3333333333333,267.13158318140813,white,10.0
126.0,446.73788726666663,white,0
126.0,446.8789040546666,white,0
126.0,447.08832110690656,white,0
126.0,447.3647704181017,white,0
126.0,447.70691134307305,white,0
126.0,448.1134300495449,white,0
126.0,448.58303898188734,white,0
126.0,449.11447633558294,white,0
126.0,449.7065055422046,white,0
126.0,450.3579147646938,white,0
126.0,451.06751640273325,white,0
126.0,451.8341466080119,white,0
126.0,452.65666480918503,white,0
126.0,453.5339532463346,white,0
126.0,454.4649165147412,white,0
365.3333333333333,376.73788726666663,red,100.0
365.3333333333333,376.8789040546666,red,100.0
365.3333333333333,377.08832110690656,red,100.0
365.3333333333333,377.3647704181017,red,100.0
365.3333333333333,377.70691134307305,red,100.0
365.3333333333333,378.1134300495449,red,100.0
365.3333333333333,378.58303898188734,red,100.0
365.3333333333333,379.11447633558294,red,100.0
365.3333333333333,379.7065055422046,red,100.0
365.3333333333333,380.3579147646938,red,100.0
365.3333333333333,381.06751640273325,red,100.0
365.3333333333333,381.8341466080119,red,100.0
365.3333333333333,382.65666480918503,red,100.0
365.3333333333333,383.5339532463346,red,100.0
365.3333333333333,384.4649165147412,red,100.0
364.0,379.4045539333333,red,100.0
364.0,379.54557072133326,red,100.0
364.0,379.75498777357325,red,100.0
364.0,380.0314370847684,red,100.0
364.0,380.37357800973973,red,100.0
364.0,380.7800967162116,red,100.0
364.0,381.249705648554,red,100.0
364.0,381.7811430022496,red,100.0
364.0,382.37317220887127,red,100.0
364.0,383.0245814313605,red,100.0
364.0,383.73418306939993,red,100.0
364.0,384.50081327467853,red,100.0
364.0,385.32333147585166,red,100.0
364.0,386.2006199130013,red,100.0
364.0,387.1315831814079,red,0
366.0,378.73788726666663,red,100.0
366.0,378.8789040546666,red,100.0
366.0,379.08832110690656,red,100.0
366.0,379.3647704181017,red,100.0
366.0,379.70691134307305,red,100.0
366.0,380.1134300495449,red,100.0
366.0,380.58303898188734,red,100.0
366.0,381.11447633558294,red,100.0
366.0,381.7065055422046,red,100.0
366.0,382.3579147646938,red,100.0
366.0,383.06751640273325,red,100.0
366.0,383.8341466080119,red,100.0
366.0,384.65666480918503,red,100.0
366.0,385.5339532463346,red,100.0
366.0,386.4649165147412,red,100.0
365.3333333333333,379.4045539333333,red,100.0
365.3333333333333,379.54557072133326,red,100.0
365.3333333333333,379.75498777357325,red,100.0
365.3333333333333,380.0314370847684,red,100.0
365.3333333333333,380.37357800973973,red,100.0
365.3333333333333,380.7800967162116,red,100.0
365.3333333333333,381.249705648554,red,100.0
365.3333333333333,381.7811430022496,red,100.0
365.3333333333333,382.37317220887127,red,100.0
365.3333333333333,383.0245814313605,red,100.0
365.3333333333333,383.73418306939993,red,100.0
365.3333333333333,384.50081327467853,red,100.0
365.3333333333333,385.32333147585166,red,100.0
365.3333333333333,386.2006199130013,red,100.0
365.3333333333333,387.1315831814079,red,0
376.0,282.07122059999995,white,30.0
376.0,282.21223738799995,white,30.0
376.0,282.42165444024,white,30.0
376.0,282.69810375143516,white,30.0
376.0,283.0402446764065,white,30.0
376.0,283.4467633828783,white,30.0
376.0,283.91637231522077,white,30.0
376.0,284.4478096689163,white,30.0
376.0,285.039838875538,white,30.0
376.0,285.69124809802724,white,30.0
376.0,286.40084973606673,white,30.0
376.0,287.1674799413454,white,30.0
376.0,287.9899981425185,white,30.0
376.0,288.86728657966813,white,30.0
376.0,289.79824984807476,white,30.0
640.0,340.73788726666663,white,0
640.0,340.87890405466663,white,0
640.0,341.0883211069066,white,0
640.0,341.3647704181018,white,0
640.0,341.7069113430731,white,0
640.0,342.11343004954495,white,0
640.0,342.5830389818874,white,0
640.0,343.11447633558305,white,0
640.0,343.7065055422047,white,0
640.0,344.3579147646939,white,0
640.0,345.0675164027333,white,0
640.0,345.83414660801196,white,0
640.0,346.6566648091851,white,0
640.0,347.5339532463347,white,0
640.0,348.4649165147413,white,0
363.3333333333333,378.07122059999995,red,100.0
363.3333333333333,378.21223738799995,red,100.0
363.3333333333333,378.4216544402399,red,100.0
363.3333333333333,378.69810375143504,red,100.0
363.3333333333333,379.04024467640636,red,100.0
363.3333333333333,379.4467633828782,red,100.0
363.3333333333333,379.91637231522066,red,100.0
363.3333333333333,380.4478096689163,red,100.0
363.3333333333333,381.03983887553795,red,100.0
363.3333333333333,381.69124809802713,red,100.0
363.3333333333333,382.40084973606656,red,100.0
363.3333333333333,383.1674799413452,red,100.0
363.3333333333333,383.98999814251835,red,100.0
363.3333333333333,384.86728657966796,red,100.0
363.3333333333333,385.79824984807453,red,100.0
366.66666666666663,377.4045539333333,red,100.0
366.66666666666663,377.54557072133326,red,100.0
366.66666666666663,377.75498777357325,red,100.0
366.66666666666663,378.0314370847684,red,100.0
366.66666666666663,378.37357800973973,red,100.0
366.66666666666663,378.7800967162116,red,100.0
366.66666666666663,379.249705648554,red,100.0
366.66666666666663,379.7811430022496,red,100.0
366.66666666666663,380.37317220887127,red,100.0
366.66666666666663,381.0245814313605,red,100.0
366.66666666666663,381.73418306939993,red,100.0
366.66666666666663,382.50081327467853,red,100.0
366.66666666666663,383.32333147585166,red,100.0
366.66666666666663,384.2006199130013,red,100.0
366.66666666666663,385.1315831814079,red,100.0
126.0,447.4045539333333,white,0
126.0,447.54557072133326,white,0
126.0,447.75498777357325,white,0
126.0,448.0314370847684,white,0
126.0,448.37357800973973,white,0
126.0,448.7800967162116,white,0
126.0,449.249705648554,white,0
126.0,449.7811430022496,white,0
126.0,450.37317220887127,white,0
126.0,451.0245814313605,white,0
126.0,451.73418306939993,white,0
126.0,452.50081327467853,white,0
126.0,453.32333147585166,white,0
126.0,454.2006199130013,white,0
126.0,455.1315831814079,white,0
641.3333333333333,344.07122059999995,white,0
641.3333333333333,344.21223738799995,white,0
641.3333333333333,344.4216544402399,white,0
641.3333333333333,344.69810375143504,white,0
641.3333333333333,345.04024467640636,white,0
641.3333333333333,345.4467633828782,white,0
641.3333333333333,345.91637231522066,white,0
641.3333333333333,346.4478096689163,white,0
641.3333333333333,347.03983887553795,white,0
641.3333333333333,347.69124809802713,white,0
641.3333333333333,348.40084973606656,white,0
641.3333333333333,349.1674799413452,white,0
641.3333333333333,349.98999814251835,white,0
641.3333333333333,350.86728657966796,white,0
641.3333333333333,351.79824984807453,white,0
130.66666666666666,450.07122059999995,white,0
130.66666666666666,450.21223738799995,white,0
130.66666666666666,450.4216544402399,white,0
130.66666666666666,450.69810375143504,white,0
130.66666666666666,451.04024467640636,white,0
130.66666666666666,451.4467633828782,white,0
130.66666666666666,451.91637231522066,white,0
130.66666666666666,452.4478096689163,white,0
130.66666666666666,453.03983887553795,white,0
130.66666666666666,453.69124809802713,white,0
130.66666666666666,454.40084973606656,white,0
130.66666666666666,455.1674799413452,white,0
130.66666666666666,455.98999814251835,white,0
130.66666666666666,456.86728657966796,white,0
130.66666666666666,457.79824984807453,white,0
366.66666666666663,378.07122059999995,red,100.0
366.66666666666663,378.21223738799995,red,100.0
366.66666666666663,378.4216544402399,red,100.0
366.66666666666663,378.69810375143504,red,100.0
366.66666666666663,379.04024467640636,red,100.0
366.66666666666663,379.4467633828782,red,100.0
366.66666666666663,379.91637231522066,red,100.0
366.66666666666663,380.4478096689163,red,100.0
366.66666666666663,381.03983887553795,red,100.0
366.66666666666663,381.69124809802713,red,100.0
366.66666666666663,382.40084973606656,red,100.0
366.66666666666663,383.1674799413452,red,100.0
366.66666666666663,383.98999814251835,red,100.0
366.66666666666663,384.86728657966796,red,100.0
366.66666666666663,385.79824984807453,red,100.0
363.3333333333333,378.73788726666663,red,100.0
363.3333333333333,378.8789040546666,red,100.0
363.3333333333333,379.08832110690656,red,100.0
363.3333333333333,379.3647704181017,red,100.0
363.3333333333333,379.70691134307305,red,100.0
363.3333333333333,380.1134300495449,red,100.0
363.3333333333333,380.58303898188734,red,100.0
363.3333333333333,381.11447633558294,red,100.0
363.3333333333333,381.7065055422046,red,100.0
363.3333333333333,382.3579147646938,red,100.0
363.3333333333333,383.06751640273325,red,100.0
363.3333333333333,383.8341466080119,red,100.0
363.3333333333333,384.65666480918503,red,100.0
363.3333333333333,385.5339532463346,red,100.0
363.3333333333333,386.4649165147412,red,0
366.66666666666663,378.73788726666663,red,100.0
366.66666666666663,378.8789040546666,red,100.0
366.66666666666663,379.08832110690656,red,100.0
366.66666666666663,379.3647704181017,red,100.0
366.66666666666663,379.70691134307305,red,100.0
366.66666666666663,380.1134300495449,red,100.0
366.66666666666663,380.58303898188734,red,100.0
366.66666666666663,381.11447633558294,red,100.0
366.66666666666663,381.7065055422046,red,100.0
366.66666666666663,382.3579147646938,red,100.0
366.66666666666663,383.06751640273325,red,100.0
366.66666666666663,383.8341466080119,red,100.0
366.66666666666663,384.65666480918503,red,100.0
366.66666666666663,385.5339532463346,red,100.0
366.66666666666663,386.4649165147412,red,100.0
642.0,344.07122059999995,white,0
642.0,344.21223738799995,white,0
642.0,344.4216544402399,white,0
642.0,344.69810375143504,white,0
642.0,345.04024467640636,white,0
642.0,345.4467633828782,white,0
642.0,345.91637231522066,white,0
642.0,346.4478096689163,white,0
642.0,347.03983887553795,white,0
642.0,347.69124809802713,white,0
642.0,348.40084973606656,white,0
642.0,349.1674799413452,white,0
642.0,349.98999814251835,white,0
642.0,350.86728657966796,white,0
642.0,351.79824984807453,white,0
367.3333333333333,378.73788726666663,red,100.0
367.3333333333333,378.8789040546666,red,100.0
367.3333333333333,379.08832110690656,red,100.0
367.3333333333333,379.3647704181017,red,100.0
367.3333333333333,379.70691134307305,red,100.0
367.3333333333333,380.1134300495449,red,100.0
367.3333333333333,380.58303898188734,red,100.0
367.3333333333333,381.11447633558294,red,100.0
367.3333333333333,381.7065055422046,red,100.0
367.3333333333333,382.3579147646938,red,100.0
367.3333333333333,383.06751640273325,red,100.0
367.3333333333333,383.8341466080119,red,100.0
367.3333333333333,384.65666480918503,red,100.0
367.3333333333333,385.5339532463346,red,100.0
367.3333333333333,386.4649165147412,red,100.0
365.3333333333333,380.07122059999995,red,100.0
365.3333333333333,380.21223738799995,red,100.0
365.3333333333333,380.4216544402399,red,100.0
365.3333333333333,380.69810375143504,red,100.0
365.3333333333333,381.04024467640636,red,100.0
365.3333333333333,381.4467633828782,red,100.0
365.3333333333333,381.91637231522066,red,100.0
365.3333333333333,382.4478096689163,red,100.0
365.3333333333333,383.03983887553795,red,100.0
365.3333333333333,383.69124809802713,red,100.0
365.3333333333333,384.40084973606656,red,100.0
365.3333333333333,385.1674799413452,red,100.0
365.3333333333333,385.98999814251835,red,100.0
365.3333333333333,386.86728657966796,red,0
365.3333333333333,387.79824984807453,red,0
